Parameter,Value
Coefficient,0.11204929959974513
Intercept,-2.9042646358869746
Mean Squared Error,2.176816586930328
